Mercedes C200,5,https://car-images.bauersecure.com/pagefiles/79892/nio_ep9_03.jpg
Mercedes C201,5,https://cdn.pixabay.com/photo/2012/05/29/00/43/car-49278__340.jpg
Mercedes C202,2,https://cdn.pixabay.com/photo/2012/05/29/00/43/car-49278__340.jpg
Mercedes C203,5,https://cdn.pixabay.com/photo/2012/05/29/00/43/car-49278__340.jpg
Mercedes C204,3,https://cdn.pixabay.com/photo/2012/05/29/00/43/car-49278__340.jpg
Mercedes C205,5,https://cdn.pixabay.com/photo/2012/05/29/00/43/car-49278__340.jpg
Ferrari f50,5,https://cdn.pixabay.com/photo/2012/05/29/00/43/car-49278__340.jpg
Mercedes C207,5,https://cdn.pixabay.com/photo/2012/05/29/00/43/car-49278__340.jpg
Mercedes C208,4,https://cdn.pixabay.com/photo/2012/05/29/00/43/car-49278__340.jpg
Mercedes C209,5,https://cdn.pixabay.com/photo/2012/05/29/00/43/car-49278__340.jpg
Ferrari f10,5,https://cdn.pixabay.com/photo/2012/05/29/00/43/car-49278__340.jpg
Mercedes C211,1,https://cdn.pixabay.com/photo/2012/05/29/00/43/car-49278__340.jpg
Ferrari f40,6,https://cdn.pixabay.com/photo/2012/05/29/00/43/car-49278__340.jpg
Mercedes C213,7,https://cdn.pixabay.com/photo/2012/05/29/00/43/car-49278__340.jpg
Mercedes C214,8,https://cdn.pixabay.com/photo/2012/05/29/00/43/car-49278__340.jpg
Ferrari f40,6,https://cdn.pixabay.com/photo/2012/05/29/00/43/car-49278__340.jpg
